text,label
"Not sure why but trying a new pasta recipe has been on my mind all day. It's kind of a mess honestly, but in a good way? I didn't plan for it to take this long, but here we are.",human
"Quick post about a pottery class because a couple people asked. I laughed way harder than I should've at one point. and don't even get me started on the parking situation. It's one of those things that's better than it sounds on paper. -- side note, I definitely spent more money than planned --. I didn't plan for it to take this long, but here we are. 10/10 would recommend to literally no one and also everyone.",human
"Quick post about trying a new pasta recipe because a couple people asked. Took me forever to get the hang of it, tbh. I laughed way harder than I should've at one point. which is a whole separate story I'll save for another day. Anyway, we'll see how it goes.",human
"A job interview I had is a topic that many people find worth exploring in more depth. Additionally, taking a comprehensive and structured approach can help unlock meaningful, long-term benefits. This, in turn, can help elevate the overall experience and foster a genuine sense of accomplishment. In summary, a job interview I had underscores the importance of balance, patience, and a holistic mindset.",ai
Someone asked me about the book I just finished today and I realized I never wrote it up. It's one of those things that's better than it sounds on paper. I laughed way harder than I should've at one point. and don't even get me started on the parking situation.,human
"Someone asked me about adopting a rescue dog today and I realized I never wrote it up. There were like three moments where I almost gave up. -- side note, I definitely spent more money than planned --. Half the time I had no clue what I was doing. -- side note, I definitely spent more money than planned --. I've done worse, but I've definitely done better too. (also my phone died halfway through which didn't help). Wild.",human
"In today's fast-paced world, my daily commute has become increasingly significant. Moreover, this approach can help foster a more holistic and well-rounded experience overall. Ultimately, embarking on this journey requires patience, dedication, and a willingness to adapt. Overall, my daily commute serves as a testament to the power of consistency and thoughtful planning.",ai
"In today's fast-paced world, a weekend camping trip has become increasingly significant. This, in turn, can help elevate the overall experience and foster a genuine sense of accomplishment. Notably, this underscores the importance of careful planning and thoughtful execution. In many respects, this reflects a broader trend toward more mindful and intentional decision-making. In summary, a weekend camping trip underscores the importance of balance, patience, and a holistic mindset.",ai
"Navigating the complexities of a pottery class can be both rewarding and challenging. Additionally, taking a comprehensive and structured approach can help unlock meaningful, long-term benefits. Notably, this underscores the importance of careful planning and thoughtful execution. Moreover, this approach can help foster a more holistic and well-rounded experience overall. Overall, a pottery class serves as a testament to the power of consistency and thoughtful planning.",ai
"I keep thinking about a road trip down the coast, not gonna lie. There were like three moments where I almost gave up. So yeah. That's where things stand right now.",human
"Okay so a new pair of running shoes -- gonna be honest, it wasn't what I expected. There were like three moments where I almost gave up.",human
"It is worth taking a closer look at my neighbor's garden, as it offers valuable insights. It is also worth noting that a seamless, well-planned strategy tends to yield more robust results. Furthermore, it is important to note that consistency plays a crucial role in achieving positive outcomes. In many respects, this reflects a broader trend toward more mindful and intentional decision-making. To sum up, embracing my neighbor's garden can lead to a more fulfilling and well-rounded experience.",ai
"I keep thinking about a budgeting app I tried, not gonna lie. Took me forever to get the hang of it, tbh. I laughed way harder than I should've at one point. I've done worse, but I've definitely done better too.",human
"Navigating the complexities of a coffee shop near my apartment can be both rewarding and challenging. Notably, this underscores the importance of careful planning and thoughtful execution. Ultimately, embarking on this journey requires patience, dedication, and a willingness to adapt. In conclusion, a coffee shop near my apartment is a rewarding endeavor that offers something valuable for everyone.",ai
"In today's fast-paced world, adopting a rescue dog has become increasingly significant. This, in turn, can help elevate the overall experience and foster a genuine sense of accomplishment. Notably, this underscores the importance of careful planning and thoughtful execution. Furthermore, it is important to note that consistency plays a crucial role in achieving positive outcomes. In conclusion, adopting a rescue dog is a rewarding endeavor that offers something valuable for everyone.",ai
"Working from home is a topic that many people find worth exploring in more depth. It is also worth noting that a seamless, well-planned strategy tends to yield more robust results. Notably, this underscores the importance of careful planning and thoughtful execution. Moreover, this approach can help foster a more holistic and well-rounded experience overall. In conclusion, working from home is a rewarding endeavor that offers something valuable for everyone.",ai
"When it comes to my daily commute, there are several important factors to consider. This, in turn, can help elevate the overall experience and foster a genuine sense of accomplishment. Notably, this underscores the importance of careful planning and thoughtful execution. It is also worth noting that a seamless, well-planned strategy tends to yield more robust results. In conclusion, my daily commute is a rewarding endeavor that offers something valuable for everyone.",ai
"Starting a home workout routine is a topic that many people find worth exploring in more depth. Ultimately, embarking on this journey requires patience, dedication, and a willingness to adapt. Additionally, taking a comprehensive and structured approach can help unlock meaningful, long-term benefits. This, in turn, can help elevate the overall experience and foster a genuine sense of accomplishment. In conclusion, starting a home workout routine is a rewarding endeavor that offers something valuable for everyone.",ai
"Navigating the complexities of a road trip down the coast can be both rewarding and challenging. Additionally, taking a comprehensive and structured approach can help unlock meaningful, long-term benefits. Notably, this underscores the importance of careful planning and thoughtful execution. Overall, a road trip down the coast serves as a testament to the power of consistency and thoughtful planning.",ai
"Not sure why but a road trip down the coast has been on my mind all day. Half the time I had no clue what I was doing. which, fun fact, is exactly what my mom warned me about. I've done worse, but I've definitely done better too. Not a five-star experience but I don't regret it either.",human
"So a weekend camping trip happened this week and honestly I have thoughts. My roommate thinks I'm overreacting, maybe I am, idk. I didn't plan for it to take this long, but here we are.",human
"In today's fast-paced world, adopting a rescue dog has become increasingly significant. It is also worth noting that a seamless, well-planned strategy tends to yield more robust results. Ultimately, embarking on this journey requires patience, dedication, and a willingness to adapt. This, in turn, can help elevate the overall experience and foster a genuine sense of accomplishment. In conclusion, adopting a rescue dog is a rewarding endeavor that offers something valuable for everyone.",ai
"Not sure why but a job interview I had has been on my mind all day. I didn't plan for it to take this long, but here we are. Anyway, we'll see how it goes. Anyway.",human
"In today's fast-paced world, trying a new pasta recipe has become increasingly significant. In many respects, this reflects a broader trend toward more mindful and intentional decision-making. This, in turn, can help elevate the overall experience and foster a genuine sense of accomplishment. In conclusion, trying a new pasta recipe is a rewarding endeavor that offers something valuable for everyone.",ai
"Someone asked me about moving to a new apartment today and I realized I never wrote it up. It's kind of a mess honestly, but in a good way? It's not perfect and I'm not gonna pretend it is. Would I do it again? Probably, yeah.",human
"I keep thinking about a rainy Tuesday, not gonna lie. Half the time I had no clue what I was doing. There were like three moments where I almost gave up. Might update this later if anything changes.",human
Someone asked me about a rainy Tuesday today and I realized I never wrote it up. It's one of those things that's better than it sounds on paper. It's not perfect and I'm not gonna pretend it is. (also my phone died halfway through which didn't help). Wild.,human
"Navigating the complexities of a rainy Tuesday can be both rewarding and challenging. Moreover, this approach can help foster a more holistic and well-rounded experience overall. Additionally, taking a comprehensive and structured approach can help unlock meaningful, long-term benefits. Overall, a rainy Tuesday serves as a testament to the power of consistency and thoughtful planning.",ai
"So a pottery class happened this week and honestly I have thoughts. It's kind of a mess honestly, but in a good way? There were like three moments where I almost gave up.",human
"Someone asked me about my neighbor's garden today and I realized I never wrote it up. It's kind of a mess honestly, but in a good way? -- side note, I definitely spent more money than planned --. Half the time I had no clue what I was doing. Anyway, we'll see how it goes.",human
"It is worth taking a closer look at learning to play the guitar, as it offers valuable insights. This, in turn, can help elevate the overall experience and foster a genuine sense of accomplishment. Additionally, taking a comprehensive and structured approach can help unlock meaningful, long-term benefits. Ultimately, embarking on this journey requires patience, dedication, and a willingness to adapt. In conclusion, learning to play the guitar is a rewarding endeavor that offers something valuable for everyone.",ai
"Not sure why but a weekend camping trip has been on my mind all day. I've done worse, but I've definitely done better too. It's kind of a mess honestly, but in a good way?",human
"When it comes to the movie I watched last night, there are several important factors to consider. Notably, this underscores the importance of careful planning and thoughtful execution. In many respects, this reflects a broader trend toward more mindful and intentional decision-making. Furthermore, it is important to note that consistency plays a crucial role in achieving positive outcomes. In summary, the movie I watched last night underscores the importance of balance, patience, and a holistic mindset.",ai
"Navigating the complexities of cleaning out the garage can be both rewarding and challenging. It is also worth noting that a seamless, well-planned strategy tends to yield more robust results. Furthermore, it is important to note that consistency plays a crucial role in achieving positive outcomes. Additionally, taking a comprehensive and structured approach can help unlock meaningful, long-term benefits. To sum up, embracing cleaning out the garage can lead to a more fulfilling and well-rounded experience.",ai
"So the movie I watched last night happened this week and honestly I have thoughts. It's kind of a mess honestly, but in a good way? which, fun fact, is exactly what my mom warned me about.",human
"Navigating the complexities of starting a home workout routine can be both rewarding and challenging. It is also worth noting that a seamless, well-planned strategy tends to yield more robust results. Ultimately, embarking on this journey requires patience, dedication, and a willingness to adapt. This, in turn, can help elevate the overall experience and foster a genuine sense of accomplishment. In summary, starting a home workout routine underscores the importance of balance, patience, and a holistic mindset.",ai
"Quick post about a weekend camping trip because a couple people asked. I didn't plan for it to take this long, but here we are. Took me forever to get the hang of it, tbh. My roommate thinks I'm overreacting, maybe I am, idk. which is a whole separate story I'll save for another day.",human
"Navigating the complexities of a job interview I had can be both rewarding and challenging. Additionally, taking a comprehensive and structured approach can help unlock meaningful, long-term benefits. It is also worth noting that a seamless, well-planned strategy tends to yield more robust results. Moreover, this approach can help foster a more holistic and well-rounded experience overall. Overall, a job interview I had serves as a testament to the power of consistency and thoughtful planning.",ai
Quick post about a road trip down the coast because a couple people asked. It's not perfect and I'm not gonna pretend it is. There were like three moments where I almost gave up.,human
"So adopting a rescue dog happened this week and honestly I have thoughts. My roommate thinks I'm overreacting, maybe I am, idk. and don't even get me started on the parking situation. Half the time I had no clue what I was doing. Not a five-star experience but I don't regret it either.",human
"So a job interview I had happened this week and honestly I have thoughts. Half the time I had no clue what I was doing. Anyway, we'll see how it goes.",human
"I keep thinking about my daily commute, not gonna lie. It's one of those things that's better than it sounds on paper. It's not perfect and I'm not gonna pretend it is. I laughed way harder than I should've at one point. and don't even get me started on the parking situation. No regrets.",human
"Someone asked me about trying a new pasta recipe today and I realized I never wrote it up. Half the time I had no clue what I was doing. which is a whole separate story I'll save for another day. I've done worse, but I've definitely done better too. Wild.",human
"When it comes to starting a home workout routine, there are several important factors to consider. Notably, this underscores the importance of careful planning and thoughtful execution. This, in turn, can help elevate the overall experience and foster a genuine sense of accomplishment. In many respects, this reflects a broader trend toward more mindful and intentional decision-making. In conclusion, starting a home workout routine is a rewarding endeavor that offers something valuable for everyone.",ai
"Okay so the book I just finished -- gonna be honest, it wasn't what I expected. I've done worse, but I've definitely done better too. (also my phone died halfway through which didn't help). I laughed way harder than I should've at one point. which is a whole separate story I'll save for another day. Anyway, we'll see how it goes.",human
"Starting a home workout routine is a topic that many people find worth exploring in more depth. In many respects, this reflects a broader trend toward more mindful and intentional decision-making. Notably, this underscores the importance of careful planning and thoughtful execution. To sum up, embracing starting a home workout routine can lead to a more fulfilling and well-rounded experience.",ai
"So switching to a new phone happened this week and honestly I have thoughts. I didn't plan for it to take this long, but here we are. -- side note, I definitely spent more money than planned --. It's one of those things that's better than it sounds on paper. There were like three moments where I almost gave up. Might update this later if anything changes.",human
"So learning to play the guitar happened this week and honestly I have thoughts. I laughed way harder than I should've at one point. It's one of those things that's better than it sounds on paper. That's it, that's the post lol.",human
"In today's fast-paced world, a road trip down the coast has become increasingly significant. It is also worth noting that a seamless, well-planned strategy tends to yield more robust results. Notably, this underscores the importance of careful planning and thoughtful execution. Moreover, this approach can help foster a more holistic and well-rounded experience overall. In summary, a road trip down the coast underscores the importance of balance, patience, and a holistic mindset.",ai
"Quick post about cleaning out the garage because a couple people asked. I laughed way harder than I should've at one point. Half the time I had no clue what I was doing. My roommate thinks I'm overreacting, maybe I am, idk. Not a five-star experience but I don't regret it either.",human
"Quick post about learning to play the guitar because a couple people asked. I've done worse, but I've definitely done better too. (also my phone died halfway through which didn't help). It's one of those things that's better than it sounds on paper. Took me forever to get the hang of it, tbh. (also my phone died halfway through which didn't help). That's it, that's the post lol.",human
"In today's fast-paced world, a coffee shop near my apartment has become increasingly significant. This, in turn, can help elevate the overall experience and foster a genuine sense of accomplishment. It is also worth noting that a seamless, well-planned strategy tends to yield more robust results. In summary, a coffee shop near my apartment underscores the importance of balance, patience, and a holistic mindset.",ai
"Someone asked me about a budgeting app I tried today and I realized I never wrote it up. My roommate thinks I'm overreacting, maybe I am, idk. There were like three moments where I almost gave up. Took me forever to get the hang of it, tbh. and don't even get me started on the parking situation. Anyway.",human
"Not sure why but a road trip down the coast has been on my mind all day. It's kind of a mess honestly, but in a good way? It's not perfect and I'm not gonna pretend it is. Might update this later if anything changes.",human
"Navigating the complexities of the movie I watched last night can be both rewarding and challenging. Additionally, taking a comprehensive and structured approach can help unlock meaningful, long-term benefits. Notably, this underscores the importance of careful planning and thoughtful execution. It is also worth noting that a seamless, well-planned strategy tends to yield more robust results. In summary, the movie I watched last night underscores the importance of balance, patience, and a holistic mindset.",ai
"A job interview I had is a topic that many people find worth exploring in more depth. It is also worth noting that a seamless, well-planned strategy tends to yield more robust results. Moreover, this approach can help foster a more holistic and well-rounded experience overall. Overall, a job interview I had serves as a testament to the power of consistency and thoughtful planning.",ai
Someone asked me about cleaning out the garage today and I realized I never wrote it up. There were like three moments where I almost gave up. I laughed way harder than I should've at one point. which is a whole separate story I'll save for another day.,human
"So working from home happened this week and honestly I have thoughts. There were like three moments where I almost gave up. I laughed way harder than I should've at one point. My roommate thinks I'm overreacting, maybe I am, idk. (also my phone died halfway through which didn't help).",human
"Quick post about adopting a rescue dog because a couple people asked. It's one of those things that's better than it sounds on paper. I didn't plan for it to take this long, but here we are. My roommate thinks I'm overreacting, maybe I am, idk.",human
"Quick post about moving to a new apartment because a couple people asked. Half the time I had no clue what I was doing. It's kind of a mess honestly, but in a good way? and don't even get me started on the parking situation.",human
So a job interview I had happened this week and honestly I have thoughts. There were like three moments where I almost gave up. We'll see.,human
"Navigating the complexities of moving to a new apartment can be both rewarding and challenging. Ultimately, embarking on this journey requires patience, dedication, and a willingness to adapt. Furthermore, it is important to note that consistency plays a crucial role in achieving positive outcomes. Additionally, taking a comprehensive and structured approach can help unlock meaningful, long-term benefits. In summary, moving to a new apartment underscores the importance of balance, patience, and a holistic mindset.",ai
"Okay so the movie I watched last night -- gonna be honest, it wasn't what I expected. It's one of those things that's better than it sounds on paper. and don't even get me started on the parking situation.",human
"When it comes to moving to a new apartment, there are several important factors to consider. Additionally, taking a comprehensive and structured approach can help unlock meaningful, long-term benefits. It is also worth noting that a seamless, well-planned strategy tends to yield more robust results. Ultimately, embarking on this journey requires patience, dedication, and a willingness to adapt. Overall, moving to a new apartment serves as a testament to the power of consistency and thoughtful planning.",ai
"Someone asked me about switching to a new phone today and I realized I never wrote it up. Took me forever to get the hang of it, tbh. Still figuring it out as I go, honestly.",human
"Not sure why but learning to play the guitar has been on my mind all day. My roommate thinks I'm overreacting, maybe I am, idk. Took me forever to get the hang of it, tbh. Might update this later if anything changes.",human
"In today's fast-paced world, a coffee shop near my apartment has become increasingly significant. This, in turn, can help elevate the overall experience and foster a genuine sense of accomplishment. Furthermore, it is important to note that consistency plays a crucial role in achieving positive outcomes. In conclusion, a coffee shop near my apartment is a rewarding endeavor that offers something valuable for everyone.",ai
"In today's fast-paced world, a road trip down the coast has become increasingly significant. Notably, this underscores the importance of careful planning and thoughtful execution. It is also worth noting that a seamless, well-planned strategy tends to yield more robust results. To sum up, embracing a road trip down the coast can lead to a more fulfilling and well-rounded experience.",ai
"Someone asked me about starting a home workout routine today and I realized I never wrote it up. My roommate thinks I'm overreacting, maybe I am, idk. I didn't plan for it to take this long, but here we are. Would I do it again? Probably, yeah.",human
"It is worth taking a closer look at learning to play the guitar, as it offers valuable insights. This, in turn, can help elevate the overall experience and foster a genuine sense of accomplishment. It is also worth noting that a seamless, well-planned strategy tends to yield more robust results. Moreover, this approach can help foster a more holistic and well-rounded experience overall. To sum up, embracing learning to play the guitar can lead to a more fulfilling and well-rounded experience.",ai
"Navigating the complexities of a new pair of running shoes can be both rewarding and challenging. Additionally, taking a comprehensive and structured approach can help unlock meaningful, long-term benefits. Notably, this underscores the importance of careful planning and thoughtful execution. This, in turn, can help elevate the overall experience and foster a genuine sense of accomplishment. In conclusion, a new pair of running shoes is a rewarding endeavor that offers something valuable for everyone.",ai
"Not sure why but cleaning out the garage has been on my mind all day. I laughed way harder than I should've at one point. It's not perfect and I'm not gonna pretend it is. -- side note, I definitely spent more money than planned --. Half the time I had no clue what I was doing. That's it, that's the post lol.",human
"When it comes to a rainy Tuesday, there are several important factors to consider. Ultimately, embarking on this journey requires patience, dedication, and a willingness to adapt. In many respects, this reflects a broader trend toward more mindful and intentional decision-making. This, in turn, can help elevate the overall experience and foster a genuine sense of accomplishment. In conclusion, a rainy Tuesday is a rewarding endeavor that offers something valuable for everyone.",ai
"It is worth taking a closer look at my daily commute, as it offers valuable insights. Furthermore, it is important to note that consistency plays a crucial role in achieving positive outcomes. Notably, this underscores the importance of careful planning and thoughtful execution. In many respects, this reflects a broader trend toward more mindful and intentional decision-making. Overall, my daily commute serves as a testament to the power of consistency and thoughtful planning.",ai
"So a rainy Tuesday happened this week and honestly I have thoughts. It's one of those things that's better than it sounds on paper. My roommate thinks I'm overreacting, maybe I am, idk. Would I do it again? Probably, yeah.",human
"Someone asked me about moving to a new apartment today and I realized I never wrote it up. It's kind of a mess honestly, but in a good way? which is a whole separate story I'll save for another day. I laughed way harder than I should've at one point. Anyway.",human
"It is worth taking a closer look at the book I just finished, as it offers valuable insights. Additionally, taking a comprehensive and structured approach can help unlock meaningful, long-term benefits. It is also worth noting that a seamless, well-planned strategy tends to yield more robust results. Furthermore, it is important to note that consistency plays a crucial role in achieving positive outcomes. To sum up, embracing the book I just finished can lead to a more fulfilling and well-rounded experience.",ai
"A coffee shop near my apartment is a topic that many people find worth exploring in more depth. This, in turn, can help elevate the overall experience and foster a genuine sense of accomplishment. Furthermore, it is important to note that consistency plays a crucial role in achieving positive outcomes. Moreover, this approach can help foster a more holistic and well-rounded experience overall. To sum up, embracing a coffee shop near my apartment can lead to a more fulfilling and well-rounded experience.",ai
"So switching to a new phone happened this week and honestly I have thoughts. I've done worse, but I've definitely done better too. which, fun fact, is exactly what my mom warned me about. 10/10 would recommend to literally no one and also everyone.",human
"Not sure why but the movie I watched last night has been on my mind all day. I laughed way harder than I should've at one point. I didn't plan for it to take this long, but here we are. Took me forever to get the hang of it, tbh. Anyway, we'll see how it goes.",human
So a pottery class happened this week and honestly I have thoughts. It's not perfect and I'm not gonna pretend it is. Anyway.,human
"Quick post about a new pair of running shoes because a couple people asked. I've done worse, but I've definitely done better too. which is a whole separate story I'll save for another day. My roommate thinks I'm overreacting, maybe I am, idk. It's one of those things that's better than it sounds on paper. which, fun fact, is exactly what my mom warned me about.",human
"In today's fast-paced world, a road trip down the coast has become increasingly significant. Furthermore, it is important to note that consistency plays a crucial role in achieving positive outcomes. Additionally, taking a comprehensive and structured approach can help unlock meaningful, long-term benefits. Notably, this underscores the importance of careful planning and thoughtful execution. Overall, a road trip down the coast serves as a testament to the power of consistency and thoughtful planning.",ai
"Not sure why but a coffee shop near my apartment has been on my mind all day. I laughed way harder than I should've at one point. which is a whole separate story I'll save for another day. It's kind of a mess honestly, but in a good way? I didn't plan for it to take this long, but here we are.",human
"So learning to play the guitar happened this week and honestly I have thoughts. It's kind of a mess honestly, but in a good way? Took me forever to get the hang of it, tbh. 10/10 would recommend to literally no one and also everyone. Anyway.",human
"Switching to a new phone is a topic that many people find worth exploring in more depth. Ultimately, embarking on this journey requires patience, dedication, and a willingness to adapt. It is also worth noting that a seamless, well-planned strategy tends to yield more robust results. In summary, switching to a new phone underscores the importance of balance, patience, and a holistic mindset.",ai
"So a coffee shop near my apartment happened this week and honestly I have thoughts. It's one of those things that's better than it sounds on paper. There were like three moments where I almost gave up. -- side note, I definitely spent more money than planned --. I've done worse, but I've definitely done better too.",human
"Not sure why but my neighbor's garden has been on my mind all day. I didn't plan for it to take this long, but here we are. It's not perfect and I'm not gonna pretend it is. Half the time I had no clue what I was doing. That's it, that's the post lol.",human
"Switching to a new phone is a topic that many people find worth exploring in more depth. Ultimately, embarking on this journey requires patience, dedication, and a willingness to adapt. Notably, this underscores the importance of careful planning and thoughtful execution. It is also worth noting that a seamless, well-planned strategy tends to yield more robust results. To sum up, embracing switching to a new phone can lead to a more fulfilling and well-rounded experience.",ai
"Someone asked me about starting a home workout routine today and I realized I never wrote it up. It's not perfect and I'm not gonna pretend it is. Still figuring it out as I go, honestly. We'll see.",human
"Someone asked me about moving to a new apartment today and I realized I never wrote it up. It's one of those things that's better than it sounds on paper. which, fun fact, is exactly what my mom warned me about. I've done worse, but I've definitely done better too. 10/10 would recommend to literally no one and also everyone.",human
Quick post about working from home because a couple people asked. There were like three moments where I almost gave up. (also my phone died halfway through which didn't help). It's one of those things that's better than it sounds on paper. I laughed way harder than I should've at one point.,human
"Someone asked me about a new pair of running shoes today and I realized I never wrote it up. I've done worse, but I've definitely done better too. I didn't plan for it to take this long, but here we are. Not a five-star experience but I don't regret it either.",human
"In today's fast-paced world, a new pair of running shoes has become increasingly significant. This, in turn, can help elevate the overall experience and foster a genuine sense of accomplishment. Notably, this underscores the importance of careful planning and thoughtful execution. In many respects, this reflects a broader trend toward more mindful and intentional decision-making. In conclusion, a new pair of running shoes is a rewarding endeavor that offers something valuable for everyone.",ai
"When it comes to my neighbor's garden, there are several important factors to consider. In many respects, this reflects a broader trend toward more mindful and intentional decision-making. This, in turn, can help elevate the overall experience and foster a genuine sense of accomplishment. Overall, my neighbor's garden serves as a testament to the power of consistency and thoughtful planning.",ai
"Quick post about adopting a rescue dog because a couple people asked. I've done worse, but I've definitely done better too. So yeah. That's where things stand right now.",human
"When it comes to a weekend camping trip, there are several important factors to consider. Ultimately, embarking on this journey requires patience, dedication, and a willingness to adapt. This, in turn, can help elevate the overall experience and foster a genuine sense of accomplishment. Moreover, this approach can help foster a more holistic and well-rounded experience overall. To sum up, embracing a weekend camping trip can lead to a more fulfilling and well-rounded experience.",ai
"It is worth taking a closer look at adopting a rescue dog, as it offers valuable insights. This, in turn, can help elevate the overall experience and foster a genuine sense of accomplishment. Additionally, taking a comprehensive and structured approach can help unlock meaningful, long-term benefits. In many respects, this reflects a broader trend toward more mindful and intentional decision-making. In conclusion, adopting a rescue dog is a rewarding endeavor that offers something valuable for everyone.",ai
"A budgeting app I tried is a topic that many people find worth exploring in more depth. It is also worth noting that a seamless, well-planned strategy tends to yield more robust results. Additionally, taking a comprehensive and structured approach can help unlock meaningful, long-term benefits. This, in turn, can help elevate the overall experience and foster a genuine sense of accomplishment. In summary, a budgeting app I tried underscores the importance of balance, patience, and a holistic mindset.",ai
"I keep thinking about cleaning out the garage, not gonna lie. It's one of those things that's better than it sounds on paper. My roommate thinks I'm overreacting, maybe I am, idk. (also my phone died halfway through which didn't help).",human
"Navigating the complexities of cleaning out the garage can be both rewarding and challenging. Furthermore, it is important to note that consistency plays a crucial role in achieving positive outcomes. It is also worth noting that a seamless, well-planned strategy tends to yield more robust results. Notably, this underscores the importance of careful planning and thoughtful execution. To sum up, embracing cleaning out the garage can lead to a more fulfilling and well-rounded experience.",ai
"Adopting a rescue dog is a topic that many people find worth exploring in more depth. Moreover, this approach can help foster a more holistic and well-rounded experience overall. Notably, this underscores the importance of careful planning and thoughtful execution. Additionally, taking a comprehensive and structured approach can help unlock meaningful, long-term benefits. In conclusion, adopting a rescue dog is a rewarding endeavor that offers something valuable for everyone.",ai
"In today's fast-paced world, a weekend camping trip has become increasingly significant. Ultimately, embarking on this journey requires patience, dedication, and a willingness to adapt. In many respects, this reflects a broader trend toward more mindful and intentional decision-making. In conclusion, a weekend camping trip is a rewarding endeavor that offers something valuable for everyone.",ai
"When it comes to working from home, there are several important factors to consider. Additionally, taking a comprehensive and structured approach can help unlock meaningful, long-term benefits. In many respects, this reflects a broader trend toward more mindful and intentional decision-making. Ultimately, embarking on this journey requires patience, dedication, and a willingness to adapt. Overall, working from home serves as a testament to the power of consistency and thoughtful planning.",ai
"When it comes to switching to a new phone, there are several important factors to consider. It is also worth noting that a seamless, well-planned strategy tends to yield more robust results. Moreover, this approach can help foster a more holistic and well-rounded experience overall. This, in turn, can help elevate the overall experience and foster a genuine sense of accomplishment. Overall, switching to a new phone serves as a testament to the power of consistency and thoughtful planning.",ai
So a job interview I had happened this week and honestly I have thoughts. It's not perfect and I'm not gonna pretend it is.,human
"I keep thinking about a coffee shop near my apartment, not gonna lie. My roommate thinks I'm overreacting, maybe I am, idk. We'll see.",human
"It is worth taking a closer look at a new pair of running shoes, as it offers valuable insights. Ultimately, embarking on this journey requires patience, dedication, and a willingness to adapt. Moreover, this approach can help foster a more holistic and well-rounded experience overall. In summary, a new pair of running shoes underscores the importance of balance, patience, and a holistic mindset.",ai
"Okay so a budgeting app I tried -- gonna be honest, it wasn't what I expected. It's kind of a mess honestly, but in a good way? which is a whole separate story I'll save for another day.",human
"When it comes to a budgeting app I tried, there are several important factors to consider. Notably, this underscores the importance of careful planning and thoughtful execution. This, in turn, can help elevate the overall experience and foster a genuine sense of accomplishment. In summary, a budgeting app I tried underscores the importance of balance, patience, and a holistic mindset.",ai
"When it comes to a weekend camping trip, there are several important factors to consider. Furthermore, it is important to note that consistency plays a crucial role in achieving positive outcomes. It is also worth noting that a seamless, well-planned strategy tends to yield more robust results. Notably, this underscores the importance of careful planning and thoughtful execution. To sum up, embracing a weekend camping trip can lead to a more fulfilling and well-rounded experience.",ai
"Okay so a budgeting app I tried -- gonna be honest, it wasn't what I expected. It's kind of a mess honestly, but in a good way? -- side note, I definitely spent more money than planned --. I've done worse, but I've definitely done better too.",human
"Navigating the complexities of working from home can be both rewarding and challenging. It is also worth noting that a seamless, well-planned strategy tends to yield more robust results. Moreover, this approach can help foster a more holistic and well-rounded experience overall. Additionally, taking a comprehensive and structured approach can help unlock meaningful, long-term benefits. To sum up, embracing working from home can lead to a more fulfilling and well-rounded experience.",ai
"In today's fast-paced world, my daily commute has become increasingly significant. It is also worth noting that a seamless, well-planned strategy tends to yield more robust results. Moreover, this approach can help foster a more holistic and well-rounded experience overall. This, in turn, can help elevate the overall experience and foster a genuine sense of accomplishment. In conclusion, my daily commute is a rewarding endeavor that offers something valuable for everyone.",ai
"I keep thinking about my neighbor's garden, not gonna lie. It's kind of a mess honestly, but in a good way? It's one of those things that's better than it sounds on paper. Not a five-star experience but I don't regret it either.",human
"Someone asked me about the movie I watched last night today and I realized I never wrote it up. Half the time I had no clue what I was doing. Took me forever to get the hang of it, tbh. and don't even get me started on the parking situation. Anyway.",human
"Quick post about the book I just finished because a couple people asked. My roommate thinks I'm overreacting, maybe I am, idk. Anyway, we'll see how it goes.",human
"It is worth taking a closer look at my neighbor's garden, as it offers valuable insights. It is also worth noting that a seamless, well-planned strategy tends to yield more robust results. Ultimately, embarking on this journey requires patience, dedication, and a willingness to adapt. Additionally, taking a comprehensive and structured approach can help unlock meaningful, long-term benefits. In conclusion, my neighbor's garden is a rewarding endeavor that offers something valuable for everyone.",ai
"In today's fast-paced world, moving to a new apartment has become increasingly significant. Notably, this underscores the importance of careful planning and thoughtful execution. Additionally, taking a comprehensive and structured approach can help unlock meaningful, long-term benefits. Furthermore, it is important to note that consistency plays a crucial role in achieving positive outcomes. In conclusion, moving to a new apartment is a rewarding endeavor that offers something valuable for everyone.",ai
"In today's fast-paced world, my neighbor's garden has become increasingly significant. Moreover, this approach can help foster a more holistic and well-rounded experience overall. In many respects, this reflects a broader trend toward more mindful and intentional decision-making. This, in turn, can help elevate the overall experience and foster a genuine sense of accomplishment. In conclusion, my neighbor's garden is a rewarding endeavor that offers something valuable for everyone.",ai
"The book I just finished is a topic that many people find worth exploring in more depth. Ultimately, embarking on this journey requires patience, dedication, and a willingness to adapt. Notably, this underscores the importance of careful planning and thoughtful execution. Additionally, taking a comprehensive and structured approach can help unlock meaningful, long-term benefits. Overall, the book I just finished serves as a testament to the power of consistency and thoughtful planning.",ai
"Working from home is a topic that many people find worth exploring in more depth. In many respects, this reflects a broader trend toward more mindful and intentional decision-making. Moreover, this approach can help foster a more holistic and well-rounded experience overall. It is also worth noting that a seamless, well-planned strategy tends to yield more robust results. Overall, working from home serves as a testament to the power of consistency and thoughtful planning.",ai
"I keep thinking about the movie I watched last night, not gonna lie. There were like three moments where I almost gave up. and don't even get me started on the parking situation. I've done worse, but I've definitely done better too. Might update this later if anything changes.",human
"A pottery class is a topic that many people find worth exploring in more depth. Notably, this underscores the importance of careful planning and thoughtful execution. In many respects, this reflects a broader trend toward more mindful and intentional decision-making. In summary, a pottery class underscores the importance of balance, patience, and a holistic mindset.",ai
"When it comes to a pottery class, there are several important factors to consider. Ultimately, embarking on this journey requires patience, dedication, and a willingness to adapt. Furthermore, it is important to note that consistency plays a crucial role in achieving positive outcomes. It is also worth noting that a seamless, well-planned strategy tends to yield more robust results. In conclusion, a pottery class is a rewarding endeavor that offers something valuable for everyone.",ai
"Not sure why but working from home has been on my mind all day. Took me forever to get the hang of it, tbh. I've done worse, but I've definitely done better too. I laughed way harder than I should've at one point. Anyway, we'll see how it goes.",human
Someone asked me about switching to a new phone today and I realized I never wrote it up. Half the time I had no clue what I was doing. Not a five-star experience but I don't regret it either. Anyway.,human
"Switching to a new phone is a topic that many people find worth exploring in more depth. This, in turn, can help elevate the overall experience and foster a genuine sense of accomplishment. Furthermore, it is important to note that consistency plays a crucial role in achieving positive outcomes. To sum up, embracing switching to a new phone can lead to a more fulfilling and well-rounded experience.",ai
"My daily commute is a topic that many people find worth exploring in more depth. Furthermore, it is important to note that consistency plays a crucial role in achieving positive outcomes. Ultimately, embarking on this journey requires patience, dedication, and a willingness to adapt. In summary, my daily commute underscores the importance of balance, patience, and a holistic mindset.",ai
"When it comes to switching to a new phone, there are several important factors to consider. It is also worth noting that a seamless, well-planned strategy tends to yield more robust results. In many respects, this reflects a broader trend toward more mindful and intentional decision-making. In summary, switching to a new phone underscores the importance of balance, patience, and a holistic mindset.",ai
"Trying a new pasta recipe is a topic that many people find worth exploring in more depth. It is also worth noting that a seamless, well-planned strategy tends to yield more robust results. Moreover, this approach can help foster a more holistic and well-rounded experience overall. In many respects, this reflects a broader trend toward more mindful and intentional decision-making. Overall, trying a new pasta recipe serves as a testament to the power of consistency and thoughtful planning.",ai
"It is worth taking a closer look at the book I just finished, as it offers valuable insights. This, in turn, can help elevate the overall experience and foster a genuine sense of accomplishment. Additionally, taking a comprehensive and structured approach can help unlock meaningful, long-term benefits. Ultimately, embarking on this journey requires patience, dedication, and a willingness to adapt. Overall, the book I just finished serves as a testament to the power of consistency and thoughtful planning.",ai
"Quick post about a rainy Tuesday because a couple people asked. It's kind of a mess honestly, but in a good way? -- side note, I definitely spent more money than planned --. Half the time I had no clue what I was doing. I've done worse, but I've definitely done better too.",human
So the book I just finished happened this week and honestly I have thoughts. There were like three moments where I almost gave up.,human
"It is worth taking a closer look at the movie I watched last night, as it offers valuable insights. Ultimately, embarking on this journey requires patience, dedication, and a willingness to adapt. It is also worth noting that a seamless, well-planned strategy tends to yield more robust results. In summary, the movie I watched last night underscores the importance of balance, patience, and a holistic mindset.",ai
"So a weekend camping trip happened this week and honestly I have thoughts. I've done worse, but I've definitely done better too. Took me forever to get the hang of it, tbh. It's not perfect and I'm not gonna pretend it is. Might update this later if anything changes.",human
"It is worth taking a closer look at starting a home workout routine, as it offers valuable insights. Notably, this underscores the importance of careful planning and thoughtful execution. This, in turn, can help elevate the overall experience and foster a genuine sense of accomplishment. Moreover, this approach can help foster a more holistic and well-rounded experience overall. In conclusion, starting a home workout routine is a rewarding endeavor that offers something valuable for everyone.",ai
"Not sure why but adopting a rescue dog has been on my mind all day. It's kind of a mess honestly, but in a good way? Half the time I had no clue what I was doing. which is a whole separate story I'll save for another day. Would I do it again? Probably, yeah.",human
"In today's fast-paced world, a coffee shop near my apartment has become increasingly significant. Moreover, this approach can help foster a more holistic and well-rounded experience overall. Notably, this underscores the importance of careful planning and thoughtful execution. In summary, a coffee shop near my apartment underscores the importance of balance, patience, and a holistic mindset.",ai
Not sure why but my daily commute has been on my mind all day. It's not perfect and I'm not gonna pretend it is.,human
"In today's fast-paced world, a rainy Tuesday has become increasingly significant. This, in turn, can help elevate the overall experience and foster a genuine sense of accomplishment. Moreover, this approach can help foster a more holistic and well-rounded experience overall. It is also worth noting that a seamless, well-planned strategy tends to yield more robust results. To sum up, embracing a rainy Tuesday can lead to a more fulfilling and well-rounded experience.",ai
"In today's fast-paced world, a job interview I had has become increasingly significant. Notably, this underscores the importance of careful planning and thoughtful execution. This, in turn, can help elevate the overall experience and foster a genuine sense of accomplishment. It is also worth noting that a seamless, well-planned strategy tends to yield more robust results. Overall, a job interview I had serves as a testament to the power of consistency and thoughtful planning.",ai
"Okay so a pottery class -- gonna be honest, it wasn't what I expected. I laughed way harder than I should've at one point. which, fun fact, is exactly what my mom warned me about. I've done worse, but I've definitely done better too. Anyway.",human
"It is worth taking a closer look at a rainy Tuesday, as it offers valuable insights. Notably, this underscores the importance of careful planning and thoughtful execution. Moreover, this approach can help foster a more holistic and well-rounded experience overall. This, in turn, can help elevate the overall experience and foster a genuine sense of accomplishment. In conclusion, a rainy Tuesday is a rewarding endeavor that offers something valuable for everyone.",ai
"Navigating the complexities of a new pair of running shoes can be both rewarding and challenging. Furthermore, it is important to note that consistency plays a crucial role in achieving positive outcomes. Additionally, taking a comprehensive and structured approach can help unlock meaningful, long-term benefits. Ultimately, embarking on this journey requires patience, dedication, and a willingness to adapt. In summary, a new pair of running shoes underscores the importance of balance, patience, and a holistic mindset.",ai
"A road trip down the coast is a topic that many people find worth exploring in more depth. Additionally, taking a comprehensive and structured approach can help unlock meaningful, long-term benefits. This, in turn, can help elevate the overall experience and foster a genuine sense of accomplishment. In summary, a road trip down the coast underscores the importance of balance, patience, and a holistic mindset.",ai
"Navigating the complexities of trying a new pasta recipe can be both rewarding and challenging. Additionally, taking a comprehensive and structured approach can help unlock meaningful, long-term benefits. Moreover, this approach can help foster a more holistic and well-rounded experience overall. Furthermore, it is important to note that consistency plays a crucial role in achieving positive outcomes. In conclusion, trying a new pasta recipe is a rewarding endeavor that offers something valuable for everyone.",ai
"Okay so starting a home workout routine -- gonna be honest, it wasn't what I expected. I've done worse, but I've definitely done better too. which, fun fact, is exactly what my mom warned me about. Might update this later if anything changes.",human
"I keep thinking about my daily commute, not gonna lie. I laughed way harder than I should've at one point.",human
"Quick post about a new pair of running shoes because a couple people asked. It's one of those things that's better than it sounds on paper. Half the time I had no clue what I was doing. and don't even get me started on the parking situation. That's it, that's the post lol. Anyway.",human
"In today's fast-paced world, a budgeting app I tried has become increasingly significant. Moreover, this approach can help foster a more holistic and well-rounded experience overall. Additionally, taking a comprehensive and structured approach can help unlock meaningful, long-term benefits. In conclusion, a budgeting app I tried is a rewarding endeavor that offers something valuable for everyone.",ai
"Moving to a new apartment is a topic that many people find worth exploring in more depth. It is also worth noting that a seamless, well-planned strategy tends to yield more robust results. Notably, this underscores the importance of careful planning and thoughtful execution. In many respects, this reflects a broader trend toward more mindful and intentional decision-making. In summary, moving to a new apartment underscores the importance of balance, patience, and a holistic mindset.",ai
"When it comes to adopting a rescue dog, there are several important factors to consider. Furthermore, it is important to note that consistency plays a crucial role in achieving positive outcomes. In many respects, this reflects a broader trend toward more mindful and intentional decision-making. This, in turn, can help elevate the overall experience and foster a genuine sense of accomplishment. In summary, adopting a rescue dog underscores the importance of balance, patience, and a holistic mindset.",ai
"So my daily commute happened this week and honestly I have thoughts. I've done worse, but I've definitely done better too. and don't even get me started on the parking situation. Anyway, we'll see how it goes.",human
"So working from home happened this week and honestly I have thoughts. There were like three moments where I almost gave up. which is a whole separate story I'll save for another day. Took me forever to get the hang of it, tbh. It's not perfect and I'm not gonna pretend it is. We'll see.",human
"In today's fast-paced world, a job interview I had has become increasingly significant. This, in turn, can help elevate the overall experience and foster a genuine sense of accomplishment. Ultimately, embarking on this journey requires patience, dedication, and a willingness to adapt. It is also worth noting that a seamless, well-planned strategy tends to yield more robust results. In conclusion, a job interview I had is a rewarding endeavor that offers something valuable for everyone.",ai
"Quick post about a pottery class because a couple people asked. Half the time I had no clue what I was doing. It's not perfect and I'm not gonna pretend it is. which, fun fact, is exactly what my mom warned me about. Wild.",human
"Quick post about a coffee shop near my apartment because a couple people asked. My roommate thinks I'm overreacting, maybe I am, idk.",human
"Navigating the complexities of learning to play the guitar can be both rewarding and challenging. Notably, this underscores the importance of careful planning and thoughtful execution. Ultimately, embarking on this journey requires patience, dedication, and a willingness to adapt. Additionally, taking a comprehensive and structured approach can help unlock meaningful, long-term benefits. Overall, learning to play the guitar serves as a testament to the power of consistency and thoughtful planning.",ai
"So a weekend camping trip happened this week and honestly I have thoughts. My roommate thinks I'm overreacting, maybe I am, idk. -- side note, I definitely spent more money than planned --. I've done worse, but I've definitely done better too. which, fun fact, is exactly what my mom warned me about. It's kind of a mess honestly, but in a good way? Still figuring it out as I go, honestly.",human
"In today's fast-paced world, learning to play the guitar has become increasingly significant. Furthermore, it is important to note that consistency plays a crucial role in achieving positive outcomes. In many respects, this reflects a broader trend toward more mindful and intentional decision-making. In summary, learning to play the guitar underscores the importance of balance, patience, and a holistic mindset.",ai
"When it comes to a pottery class, there are several important factors to consider. In many respects, this reflects a broader trend toward more mindful and intentional decision-making. Additionally, taking a comprehensive and structured approach can help unlock meaningful, long-term benefits. Ultimately, embarking on this journey requires patience, dedication, and a willingness to adapt. Overall, a pottery class serves as a testament to the power of consistency and thoughtful planning.",ai
"Trying a new pasta recipe is a topic that many people find worth exploring in more depth. Ultimately, embarking on this journey requires patience, dedication, and a willingness to adapt. Moreover, this approach can help foster a more holistic and well-rounded experience overall. It is also worth noting that a seamless, well-planned strategy tends to yield more robust results. Overall, trying a new pasta recipe serves as a testament to the power of consistency and thoughtful planning.",ai
"I keep thinking about a coffee shop near my apartment, not gonna lie. I didn't plan for it to take this long, but here we are. There were like three moments where I almost gave up. Anyway.",human
"Okay so a road trip down the coast -- gonna be honest, it wasn't what I expected. Took me forever to get the hang of it, tbh. I didn't plan for it to take this long, but here we are.",human
"In today's fast-paced world, a pottery class has become increasingly significant. Additionally, taking a comprehensive and structured approach can help unlock meaningful, long-term benefits. In many respects, this reflects a broader trend toward more mindful and intentional decision-making. In summary, a pottery class underscores the importance of balance, patience, and a holistic mindset.",ai
"Someone asked me about learning to play the guitar today and I realized I never wrote it up. It's not perfect and I'm not gonna pretend it is. My roommate thinks I'm overreacting, maybe I am, idk. Anyway.",human
"Learning to play the guitar is a topic that many people find worth exploring in more depth. Furthermore, it is important to note that consistency plays a crucial role in achieving positive outcomes. Moreover, this approach can help foster a more holistic and well-rounded experience overall. In conclusion, learning to play the guitar is a rewarding endeavor that offers something valuable for everyone.",ai
"When it comes to the book I just finished, there are several important factors to consider. Ultimately, embarking on this journey requires patience, dedication, and a willingness to adapt. Notably, this underscores the importance of careful planning and thoughtful execution. To sum up, embracing the book I just finished can lead to a more fulfilling and well-rounded experience.",ai
"Someone asked me about switching to a new phone today and I realized I never wrote it up. I laughed way harder than I should've at one point. which, fun fact, is exactly what my mom warned me about. Half the time I had no clue what I was doing. Wild.",human
"When it comes to moving to a new apartment, there are several important factors to consider. Notably, this underscores the importance of careful planning and thoughtful execution. This, in turn, can help elevate the overall experience and foster a genuine sense of accomplishment. Additionally, taking a comprehensive and structured approach can help unlock meaningful, long-term benefits. In summary, moving to a new apartment underscores the importance of balance, patience, and a holistic mindset.",ai
"Not sure why but starting a home workout routine has been on my mind all day. I've done worse, but I've definitely done better too. No regrets.",human
"When it comes to a budgeting app I tried, there are several important factors to consider. This, in turn, can help elevate the overall experience and foster a genuine sense of accomplishment. It is also worth noting that a seamless, well-planned strategy tends to yield more robust results. Notably, this underscores the importance of careful planning and thoughtful execution. In summary, a budgeting app I tried underscores the importance of balance, patience, and a holistic mindset.",ai
"Navigating the complexities of cleaning out the garage can be both rewarding and challenging. Notably, this underscores the importance of careful planning and thoughtful execution. Moreover, this approach can help foster a more holistic and well-rounded experience overall. It is also worth noting that a seamless, well-planned strategy tends to yield more robust results. To sum up, embracing cleaning out the garage can lead to a more fulfilling and well-rounded experience.",ai
"So cleaning out the garage happened this week and honestly I have thoughts. My roommate thinks I'm overreacting, maybe I am, idk. I've done worse, but I've definitely done better too. and don't even get me started on the parking situation. Might update this later if anything changes.",human
"Navigating the complexities of a weekend camping trip can be both rewarding and challenging. Notably, this underscores the importance of careful planning and thoughtful execution. This, in turn, can help elevate the overall experience and foster a genuine sense of accomplishment. Additionally, taking a comprehensive and structured approach can help unlock meaningful, long-term benefits. In conclusion, a weekend camping trip is a rewarding endeavor that offers something valuable for everyone.",ai
"Okay so my neighbor's garden -- gonna be honest, it wasn't what I expected. Took me forever to get the hang of it, tbh. It's one of those things that's better than it sounds on paper. which is a whole separate story I'll save for another day. It's kind of a mess honestly, but in a good way? -- side note, I definitely spent more money than planned --.",human
"Quick post about starting a home workout routine because a couple people asked. I didn't plan for it to take this long, but here we are. which is a whole separate story I'll save for another day. I laughed way harder than I should've at one point. Would I do it again? Probably, yeah.",human
"Okay so a rainy Tuesday -- gonna be honest, it wasn't what I expected. I've done worse, but I've definitely done better too. I didn't plan for it to take this long, but here we are. Took me forever to get the hang of it, tbh. Might update this later if anything changes. No regrets.",human
"Navigating the complexities of my neighbor's garden can be both rewarding and challenging. Notably, this underscores the importance of careful planning and thoughtful execution. It is also worth noting that a seamless, well-planned strategy tends to yield more robust results. Additionally, taking a comprehensive and structured approach can help unlock meaningful, long-term benefits. In conclusion, my neighbor's garden is a rewarding endeavor that offers something valuable for everyone.",ai
"Cleaning out the garage is a topic that many people find worth exploring in more depth. This, in turn, can help elevate the overall experience and foster a genuine sense of accomplishment. It is also worth noting that a seamless, well-planned strategy tends to yield more robust results. In summary, cleaning out the garage underscores the importance of balance, patience, and a holistic mindset.",ai
"It is worth taking a closer look at trying a new pasta recipe, as it offers valuable insights. Moreover, this approach can help foster a more holistic and well-rounded experience overall. This, in turn, can help elevate the overall experience and foster a genuine sense of accomplishment. Furthermore, it is important to note that consistency plays a crucial role in achieving positive outcomes. Overall, trying a new pasta recipe serves as a testament to the power of consistency and thoughtful planning.",ai
"When it comes to the book I just finished, there are several important factors to consider. Ultimately, embarking on this journey requires patience, dedication, and a willingness to adapt. It is also worth noting that a seamless, well-planned strategy tends to yield more robust results. This, in turn, can help elevate the overall experience and foster a genuine sense of accomplishment. In conclusion, the book I just finished is a rewarding endeavor that offers something valuable for everyone.",ai
"When it comes to a new pair of running shoes, there are several important factors to consider. This, in turn, can help elevate the overall experience and foster a genuine sense of accomplishment. In many respects, this reflects a broader trend toward more mindful and intentional decision-making. It is also worth noting that a seamless, well-planned strategy tends to yield more robust results. To sum up, embracing a new pair of running shoes can lead to a more fulfilling and well-rounded experience.",ai
"I keep thinking about trying a new pasta recipe, not gonna lie. I laughed way harder than I should've at one point. and don't even get me started on the parking situation. Half the time I had no clue what I was doing. Took me forever to get the hang of it, tbh.",human
"I keep thinking about the book I just finished, not gonna lie. I laughed way harder than I should've at one point.",human
"Okay so a new pair of running shoes -- gonna be honest, it wasn't what I expected. Took me forever to get the hang of it, tbh. My roommate thinks I'm overreacting, maybe I am, idk. and don't even get me started on the parking situation. Would I do it again? Probably, yeah.",human
"When it comes to a rainy Tuesday, there are several important factors to consider. It is also worth noting that a seamless, well-planned strategy tends to yield more robust results. Notably, this underscores the importance of careful planning and thoughtful execution. In many respects, this reflects a broader trend toward more mindful and intentional decision-making. In summary, a rainy Tuesday underscores the importance of balance, patience, and a holistic mindset.",ai
"Okay so my daily commute -- gonna be honest, it wasn't what I expected. It's not perfect and I'm not gonna pretend it is. -- side note, I definitely spent more money than planned --. Took me forever to get the hang of it, tbh. (also my phone died halfway through which didn't help).",human
"Navigating the complexities of working from home can be both rewarding and challenging. Moreover, this approach can help foster a more holistic and well-rounded experience overall. This, in turn, can help elevate the overall experience and foster a genuine sense of accomplishment. Overall, working from home serves as a testament to the power of consistency and thoughtful planning.",ai
"Someone asked me about a job interview I had today and I realized I never wrote it up. My roommate thinks I'm overreacting, maybe I am, idk. (also my phone died halfway through which didn't help). It's one of those things that's better than it sounds on paper. which, fun fact, is exactly what my mom warned me about. Still figuring it out as I go, honestly.",human
"Okay so my neighbor's garden -- gonna be honest, it wasn't what I expected. Took me forever to get the hang of it, tbh.",human
"So trying a new pasta recipe happened this week and honestly I have thoughts. It's not perfect and I'm not gonna pretend it is. (also my phone died halfway through which didn't help). I didn't plan for it to take this long, but here we are.",human
"In today's fast-paced world, a budgeting app I tried has become increasingly significant. Additionally, taking a comprehensive and structured approach can help unlock meaningful, long-term benefits. This, in turn, can help elevate the overall experience and foster a genuine sense of accomplishment. Ultimately, embarking on this journey requires patience, dedication, and a willingness to adapt. In summary, a budgeting app I tried underscores the importance of balance, patience, and a holistic mindset.",ai
"Quick post about moving to a new apartment because a couple people asked. I've done worse, but I've definitely done better too. which is a whole separate story I'll save for another day. It's not perfect and I'm not gonna pretend it is. Anyway.",human
"In today's fast-paced world, the movie I watched last night has become increasingly significant. Ultimately, embarking on this journey requires patience, dedication, and a willingness to adapt. In many respects, this reflects a broader trend toward more mindful and intentional decision-making. In conclusion, the movie I watched last night is a rewarding endeavor that offers something valuable for everyone.",ai
"Okay so a budgeting app I tried -- gonna be honest, it wasn't what I expected. My roommate thinks I'm overreacting, maybe I am, idk. I didn't plan for it to take this long, but here we are.",human
"Okay so working from home -- gonna be honest, it wasn't what I expected. My roommate thinks I'm overreacting, maybe I am, idk.",human
"Cleaning out the garage is a topic that many people find worth exploring in more depth. In many respects, this reflects a broader trend toward more mindful and intentional decision-making. Ultimately, embarking on this journey requires patience, dedication, and a willingness to adapt. In summary, cleaning out the garage underscores the importance of balance, patience, and a holistic mindset.",ai
"It is worth taking a closer look at the movie I watched last night, as it offers valuable insights. It is also worth noting that a seamless, well-planned strategy tends to yield more robust results. Furthermore, it is important to note that consistency plays a crucial role in achieving positive outcomes. Moreover, this approach can help foster a more holistic and well-rounded experience overall. In summary, the movie I watched last night underscores the importance of balance, patience, and a holistic mindset.",ai
